attribute,mean_importance,prop
Business Model,34.49265335863231,0.3449265335863231
Location,14.571282801024042,0.1457128280102404
Synergy,24.078535380617186,0.24078535380617186
Budget,26.85752845972646,0.2685752845972646
